file,title,author,language,category,pages,notes
108-upanishads-with-upanishad-brahmam-commentary.pdf,108 Upanishads with the Commentary of Upanishad Brahmayogin,Upanishad Brahmayogin,Sanskrit,Upanishads,3580,Adyar Library edition
1318_sri-ramchritmanas_roman.pdf,Shri Ramcharitmanas (Roman transliteration),Goswami Tulsidas,Awadhi (Roman script),Bhakti,1119,
2015.115317.Sanatana-Dharma-An-Elementary-Text-Book-Of-Hindu-Religion-And-Ethics.pdf,Sanatana Dharma: An Elementary Text Book of Hindu Religion and Ethics (copy 2),"Central Hindu College, Benares",English,History and Reference,242,Duplicate of the other Elementary Text Book scan; keep one
455_gita_roman.pdf,Bhagavad Gita (Roman transliteration),,Sanskrit (Roman script),Bhagavad Gita,224,
8737 (1).pdf,Unidentified book 8737 (copy 2),,,Other,416,"CHECK: 416 pages, no title in file name; identical page count to 8737.pdf, likely a duplicate"
8737.pdf,Unidentified book 8737,,,Other,416,"CHECK: 416 pages, no title in file name; open it and tell me what it is"
90815narad_bhakti_shandilya_1p65.pdf,Narada Bhakti Sutras and Shandilya Bhakti Sutras,Narada; Shandilya,,Bhakti,16,
Abirami_Antati.pdf,Abirami Antati (reference article),,English,Reference Articles,3,Printed reference article (appears to be from Wikipedia); confirm source
Aditi.pdf,Aditi (reference article),,English,Reference Articles,5,Printed reference article (appears to be from Wikipedia); confirm source
Adityas.pdf,Adityas (reference article),,English,Reference Articles,6,Printed reference article (appears to be from Wikipedia); confirm source
Agama_(Hinduism).pdf,Agama (Hinduism) (reference article),,English,Reference Articles,11,Printed reference article (appears to be from Wikipedia); confirm source
Agni.pdf,Agni (reference article),,English,Reference Articles,25,Printed reference article (appears to be from Wikipedia); confirm source
Aitareya_Upanishad.pdf,Aitareya Upanishad (reference article),,English,Reference Articles,5,Printed reference article (appears to be from Wikipedia); confirm source
Ap_(water).pdf,Ap (water) (reference article),,English,Reference Articles,2,Printed reference article (appears to be from Wikipedia); confirm source
Apam_Napat.pdf,Apam Napat (reference article),,English,Reference Articles,4,Printed reference article (appears to be from Wikipedia); confirm source
Apris.pdf,Apris (reference article),,English,Reference Articles,2,Printed reference article (appears to be from Wikipedia); confirm source
Aranyaka.pdf,Aranyaka (reference article),,English,Reference Articles,8,Printed reference article (appears to be from Wikipedia); confirm source
Aranyani.pdf,Aranyani (reference article),,English,Reference Articles,2,Printed reference article (appears to be from Wikipedia); confirm source
Arthashastra.pdf,Arthashastra (reference article),,English,Reference Articles,36,Printed reference article (appears to be from Wikipedia); confirm source
Ashvins.pdf,Ashvins (reference article),,English,Reference Articles,7,Printed reference article (appears to be from Wikipedia); confirm source
Atharvaveda 2.pdf,Atharva Veda (reference article),,English,Reference Articles,16,Printed reference article (appears to be from Wikipedia); confirm source
Atmatusti.pdf,Atmatusti (reference article),,English,Reference Articles,3,Printed reference article (appears to be from Wikipedia); confirm source
Atri.pdf,Atri (reference article),,English,Reference Articles,5,Printed reference article (appears to be from Wikipedia); confirm source
Ayurveda.pdf,Ayurveda (reference article),,English,Reference Articles,31,Printed reference article (appears to be from Wikipedia); confirm source
Ācāra.pdf,Ācāra (reference article),,English,Reference Articles,4,Printed reference article (appears to be from Wikipedia); confirm source
Bhaga.pdf,Bhaga (reference article),,English,Reference Articles,2,Printed reference article (appears to be from Wikipedia); confirm source
Brahma.pdf,Brahma (reference article),,English,Reference Articles,15,Printed reference article (appears to be from Wikipedia); confirm source
Brahma_Sutras.pdf,Brahma Sutras (reference article),,English,Reference Articles,15,Printed reference article (appears to be from Wikipedia); confirm source
Brahmana.pdf,Brahmana (reference article),,English,Reference Articles,11,Printed reference article (appears to be from Wikipedia); confirm source
Brihadaranyaka_Upanishad.pdf,Brihadaranyaka Upanishad (reference article),,English,Reference Articles,17,Printed reference article (appears to be from Wikipedia); confirm source
Brihaspati.pdf,Brihaspati (reference article),,English,Reference Articles,7,Printed reference article (appears to be from Wikipedia); confirm source
Chandogya_Upanishad.pdf,Chandogya Upanishad (reference article),,English,Reference Articles,17,Printed reference article (appears to be from Wikipedia); confirm source
Chandra.pdf,Chandra (reference article),,English,Reference Articles,8,Printed reference article (appears to be from Wikipedia); confirm source
Charaka_Samhita.pdf,Charaka Samhita (reference article),,English,Reference Articles,14,Printed reference article (appears to be from Wikipedia); confirm source
Chitragupta.pdf,Chitragupta (reference article),,English,Reference Articles,4,Printed reference article (appears to be from Wikipedia); confirm source
Dadhikra.pdf,Dadhikra (reference article),,English,Reference Articles,1,Printed reference article (appears to be from Wikipedia); confirm source
Dakṣiṇā.pdf,Dakṣiṇā (reference article),,English,Reference Articles,3,Printed reference article (appears to be from Wikipedia); confirm source
Dashavatara.pdf,Dashavatara (reference article),,English,Reference Articles,12,Printed reference article (appears to be from Wikipedia); confirm source
Dhanurveda.pdf,Dhanurveda (reference article),,English,Reference Articles,4,Printed reference article (appears to be from Wikipedia); confirm source
Dravidian_folk_religion.pdf,Dravidian folk religion (reference article),,English,Reference Articles,10,Printed reference article (appears to be from Wikipedia); confirm source
Durga.pdf,Durga (reference article),,English,Reference Articles,22,Printed reference article (appears to be from Wikipedia); confirm source
Dyaus.pdf,Dyaus (reference article),,English,Reference Articles,3,Printed reference article (appears to be from Wikipedia); confirm source
Epic-Puranic_chronology.pdf,Epic-Puranic chronology (reference article),,English,Reference Articles,14,Printed reference article (appears to be from Wikipedia); confirm source
Epic-Puranic_royal_genealogies.pdf,Epic-Puranic royal genealogies (reference article),,English,Reference Articles,9,Printed reference article (appears to be from Wikipedia); confirm source
Four-Vedas-English-Translation.pdf,The Four Vedas in English Translation,,English,Vedas,1446,Compiled translation; translator not stated in file name (probably Griffith)
Ganesha.pdf,Ganesha (reference article),,English,Reference Articles,29,Printed reference article (appears to be from Wikipedia); confirm source
Ghee.pdf,Ghee (reference article),,English,Reference Articles,6,Printed reference article (appears to be from Wikipedia); confirm source
Hanuman.pdf,Hanuman (reference article),,English,Reference Articles,34,Printed reference article (appears to be from Wikipedia); confirm source
Hanuman_Chalisa.pdf,Hanuman Chalisa (reference article),,English,Reference Articles,7,Printed reference article (appears to be from Wikipedia); confirm source
Hindu_astrology.pdf,Hindu astrology (reference article),,English,Reference Articles,15,Printed reference article (appears to be from Wikipedia); confirm source
Hindu_deities.pdf,Hindu deities (reference article),,English,Reference Articles,24,Printed reference article (appears to be from Wikipedia); confirm source
Hindu_denominations.pdf,Hindu denominations (reference article),,English,Reference Articles,18,Printed reference article (appears to be from Wikipedia); confirm source
Hindu_temple_architecture.pdf,Hindu temple architecture (reference article),,English,Reference Articles,38,Printed reference article (appears to be from Wikipedia); confirm source
Historical_Vedic_religion.pdf,Historical Vedic religion (reference article),,English,Reference Articles,23,Printed reference article (appears to be from Wikipedia); confirm source
Indra.pdf,Indra (reference article),,English,Reference Articles,21,Printed reference article (appears to be from Wikipedia); confirm source
Indrani.pdf,Indrani (reference article),,English,Reference Articles,9,Printed reference article (appears to be from Wikipedia); confirm source
Isha_Upanishad.pdf,Isha Upanishad (reference article),,English,Reference Articles,9,Printed reference article (appears to be from Wikipedia); confirm source
Itihasa-Purana.pdf,Itihasa-Purana (reference article),,English,Reference Articles,7,Printed reference article (appears to be from Wikipedia); confirm source
Kali.pdf,Kali (reference article),,English,Reference Articles,16,Printed reference article (appears to be from Wikipedia); confirm source
Kalpa_(Vedanga).pdf,Kalpa (Vedanga) (reference article),,English,Reference Articles,6,Printed reference article (appears to be from Wikipedia); confirm source
Kama_Sutra.pdf,Kama Sutra (reference article),,English,Reference Articles,25,Printed reference article (appears to be from Wikipedia); confirm source
Kanakadhara_Stotra.pdf,Kanakadhara Stotra (reference article),,English,Reference Articles,2,Printed reference article (appears to be from Wikipedia); confirm source
Kanda_Shasti_Kavasam.pdf,Kanda Shasti Kavasam (reference article),,English,Reference Articles,5,Printed reference article (appears to be from Wikipedia); confirm source
Kapalika.pdf,Kapalika (reference article),,English,Reference Articles,5,Printed reference article (appears to be from Wikipedia); confirm source
Kartikeya.pdf,Kartikeya (reference article),,English,Reference Articles,26,Printed reference article (appears to be from Wikipedia); confirm source
Katha_Upanishad.pdf,Katha Upanishad (reference article),,English,Reference Articles,17,Printed reference article (appears to be from Wikipedia); confirm source
Kaushitaki_Upanishad.pdf,Kaushitaki Upanishad (reference article),,English,Reference Articles,7,Printed reference article (appears to be from Wikipedia); confirm source
Kena_Upanishad.pdf,Kena Upanishad (reference article),,English,Reference Articles,11,Printed reference article (appears to be from Wikipedia); confirm source
Krishna.pdf,Krishna (reference article),,English,Reference Articles,47,Printed reference article (appears to be from Wikipedia); confirm source
Kshetrapati.pdf,Kshetrapati (reference article),,English,Reference Articles,1,Printed reference article (appears to be from Wikipedia); confirm source
Lakshmi.pdf,Lakshmi (reference article),,English,Reference Articles,28,Printed reference article (appears to be from Wikipedia); confirm source
List_of_Hindu_texts.pdf,List of Hindu texts (reference article),,English,Reference Articles,10,Printed reference article (appears to be from Wikipedia); confirm source
Maitrayaniya_Upanishad.pdf,Maitrayaniya Upanishad (reference article),,English,Reference Articles,21,Printed reference article (appears to be from Wikipedia); confirm source
Mandala_10.pdf,Mandala 10 of the Rig Veda (reference article),,English,Reference Articles,3,Printed reference article (appears to be from Wikipedia); confirm source
Mandukya_Upanishad.pdf,Mandukya Upanishad (reference article),,English,Reference Articles,13,Printed reference article (appears to be from Wikipedia); confirm source
Manyu_(deity).pdf,Manyu (deity) (reference article),,English,Reference Articles,2,Printed reference article (appears to be from Wikipedia); confirm source
Mariamman.pdf,Mariamman (reference article),,English,Reference Articles,10,Printed reference article (appears to be from Wikipedia); confirm source
Maruts.pdf,Maruts (reference article),,English,Reference Articles,2,Printed reference article (appears to be from Wikipedia); confirm source
Mayabheda.pdf,Mayabheda (reference article),,English,Reference Articles,3,Printed reference article (appears to be from Wikipedia); confirm source
Mitra_(Hindu_god).pdf,Mitra (Hindu god) (reference article),,English,Reference Articles,5,Printed reference article (appears to be from Wikipedia); confirm source
Mundaka_Upanishad.pdf,Mundaka Upanishad (reference article),,English,Reference Articles,13,Printed reference article (appears to be from Wikipedia); confirm source
Natya_Shastra.pdf,Natya Shastra (reference article),,English,Reference Articles,19,Printed reference article (appears to be from Wikipedia); confirm source
Nirṛti.pdf,Nirṛti (reference article),,English,Reference Articles,3,Printed reference article (appears to be from Wikipedia); confirm source
Nirukta.pdf,Nirukta (reference article),,English,Reference Articles,5,Printed reference article (appears to be from Wikipedia); confirm source
Nyāya_Sūtras.pdf,Nyāya Sūtras (reference article),,English,Reference Articles,17,Printed reference article (appears to be from Wikipedia); confirm source
Pancharatra.pdf,Pancharatra (reference article),,English,Reference Articles,10,Printed reference article (appears to be from Wikipedia); confirm source
Panchatantra.pdf,Panchatantra (reference article),,English,Reference Articles,22,Printed reference article (appears to be from Wikipedia); confirm source
Parjanya.pdf,Parjanya (reference article),,English,Reference Articles,4,Printed reference article (appears to be from Wikipedia); confirm source
Parvati.pdf,Parvati (reference article),,English,Reference Articles,19,Printed reference article (appears to be from Wikipedia); confirm source
Pashupata_Shaivism.pdf,Pashupata Shaivism (reference article),,English,Reference Articles,4,Printed reference article (appears to be from Wikipedia); confirm source
Pramana.pdf,Pramana (reference article),,English,Reference Articles,12,Printed reference article (appears to be from Wikipedia); confirm source
Prashna_Upanishad.pdf,Prashna Upanishad (reference article),,English,Reference Articles,11,Printed reference article (appears to be from Wikipedia); confirm source
Principal_Upanishads.pdf,Principal Upanishads (reference article),,English,Reference Articles,4,Printed reference article (appears to be from Wikipedia); confirm source
Prithvi.pdf,Prithvi (reference article),,English,Reference Articles,9,Printed reference article (appears to be from Wikipedia); confirm source
Proto-Indo-European_mythology.pdf,Proto-Indo-European mythology (reference article),,English,Reference Articles,27,Printed reference article (appears to be from Wikipedia); confirm source
Pururavas.pdf,Pururavas (reference article),,English,Reference Articles,4,Printed reference article (appears to be from Wikipedia); confirm source
Purusha.pdf,Purusha (reference article),,English,Reference Articles,7,Printed reference article (appears to be from Wikipedia); confirm source
Purva_Mimamsa_Sutras.pdf,Purva Mimamsa Sutras (reference article),,English,Reference Articles,3,Printed reference article (appears to be from Wikipedia); confirm source
Pushan.pdf,Pushan (reference article),,English,Reference Articles,3,Printed reference article (appears to be from Wikipedia); confirm source
Radha.pdf,Radha (reference article),,English,Reference Articles,33,Printed reference article (appears to be from Wikipedia); confirm source
Rama.pdf,Rama (reference article),,English,Reference Articles,26,Printed reference article (appears to be from Wikipedia); confirm source
Ramcharitmanas.pdf,Ramcharitmanas (reference article),,English,Reference Articles,20,Printed reference article (appears to be from Wikipedia); confirm source
Ratri.pdf,Ratri (reference article),,English,Reference Articles,2,Printed reference article (appears to be from Wikipedia); confirm source
Religion_of_the_Indus_Valley_Civilisation.pdf,Religion of the Indus Valley Civilisation (reference article),,English,Reference Articles,17,Printed reference article (appears to be from Wikipedia); confirm source
Ribhus.pdf,Ribhus (reference article),,English,Reference Articles,4,Printed reference article (appears to be from Wikipedia); confirm source
Rigveda.pdf,Rig Veda (reference article),,English,Reference Articles,36,Printed reference article (appears to be from Wikipedia); confirm source
Rigvedic_deities.pdf,Rigvedic deities (reference article),,English,Reference Articles,3,Printed reference article (appears to be from Wikipedia); confirm source
Rudra.pdf,Rudra (reference article),,English,Reference Articles,12,Printed reference article (appears to be from Wikipedia); confirm source
Rudras.pdf,Rudras (reference article),,English,Reference Articles,7,Printed reference article (appears to be from Wikipedia); confirm source
Samaveda.pdf,Sama Veda (reference article),,English,Reference Articles,9,Printed reference article (appears to be from Wikipedia); confirm source
Samkhya_Pravachana_Sutra.pdf,Samkhya Pravachana Sutra (reference article),,English,Reference Articles,3,Printed reference article (appears to be from Wikipedia); confirm source
Sanatan_Dharma.pdf,Sanatana Dharma (reference article),,English,Reference Articles,14,Printed reference article (appears to be from Wikipedia); confirm source
Sanatana-Dharma.pdf,Sanatana Dharma (115-page booklet),,,History and Reference,115,CHECK: 115 pages; author and publisher unknown from the file name
Sanjna.pdf,Sanjna (reference article),,English,Reference Articles,7,Printed reference article (appears to be from Wikipedia); confirm source
Saraswati (1).pdf,"Saraswati (reference article, copy 2)",,English,Reference Articles,34,Duplicate of Saraswati.pdf
Saraswati.pdf,Saraswati (reference article),,English,Reference Articles,34,Printed reference article (appears to be from Wikipedia); confirm source
Savitr.pdf,Savitr (reference article),,English,Reference Articles,7,Printed reference article (appears to be from Wikipedia); confirm source
Shaivism.pdf,Shaivism (reference article),,English,Reference Articles,49,Printed reference article (appears to be from Wikipedia); confirm source
Shakti.pdf,Shakti (reference article),,English,Reference Articles,36,Printed reference article (appears to be from Wikipedia); confirm source
Shaktism.pdf,Shaktism (reference article),,English,Reference Articles,24,Printed reference article (appears to be from Wikipedia); confirm source
Shiksha.pdf,Shiksha (reference article),,English,Reference Articles,9,Printed reference article (appears to be from Wikipedia); confirm source
Shilpa_Shastras.pdf,Shilpa Shastras (reference article),,English,Reference Articles,9,Printed reference article (appears to be from Wikipedia); confirm source
Shiva.pdf,Shiva (reference article),,English,Reference Articles,48,Printed reference article (appears to be from Wikipedia); confirm source
Shiva_Stuti.pdf,Shiva Stuti (reference article),,English,Reference Articles,2,Printed reference article (appears to be from Wikipedia); confirm source
Shiva_Swarodaya.pdf,Shiva Swarodaya (reference article),,English,Reference Articles,3,Printed reference article (appears to be from Wikipedia); confirm source
Shvetashvatara_Upanishad.pdf,Shvetashvatara Upanishad (reference article),,English,Reference Articles,18,Printed reference article (appears to be from Wikipedia); confirm source
Sita.pdf,Sita (reference article),,English,Reference Articles,34,Printed reference article (appears to be from Wikipedia); confirm source
Smarta_tradition.pdf,Smarta tradition (reference article),,English,Reference Articles,17,Printed reference article (appears to be from Wikipedia); confirm source
Smṛti.pdf,Smṛti (reference article),,English,Reference Articles,8,Printed reference article (appears to be from Wikipedia); confirm source
Surya.pdf,Surya (reference article),,English,Reference Articles,20,Printed reference article (appears to be from Wikipedia); confirm source
Sushruta_Samhita.pdf,Sushruta Samhita (reference article),,English,Reference Articles,21,Printed reference article (appears to be from Wikipedia); confirm source
Śramaṇa.pdf,Śramaṇa (reference article),,English,Reference Articles,24,Printed reference article (appears to be from Wikipedia); confirm source
Śruti.pdf,Śruti (reference article),,English,Reference Articles,8,Printed reference article (appears to be from Wikipedia); confirm source
Taittiriya_Upanishad.pdf,Taittiriya Upanishad (reference article),,English,Reference Articles,11,Printed reference article (appears to be from Wikipedia); confirm source
Tarkshya.pdf,Tarkshya (reference article),,English,Reference Articles,1,Printed reference article (appears to be from Wikipedia); confirm source
Thirty-three_gods.pdf,Thirty-three gods (reference article),,English,Reference Articles,3,Printed reference article (appears to be from Wikipedia); confirm source
Timeline_of_Hindu_texts.pdf,Timeline of Hindu texts (reference article),,English,Reference Articles,3,Printed reference article (appears to be from Wikipedia); confirm source
Tribal_religions_in_India.pdf,Tribal religions in India (reference article),,English,Reference Articles,7,Printed reference article (appears to be from Wikipedia); confirm source
Tridevi.pdf,Tridevi (reference article),,English,Reference Articles,3,Printed reference article (appears to be from Wikipedia); confirm source
Trika.pdf,Trika (reference article),,English,Reference Articles,20,Printed reference article (appears to be from Wikipedia); confirm source
Trimurti.pdf,Trimurti (reference article),,English,Reference Articles,6,Printed reference article (appears to be from Wikipedia); confirm source
Tvashtr.pdf,Tvashtr (reference article),,English,Reference Articles,3,Printed reference article (appears to be from Wikipedia); confirm source
Urvashi.pdf,Urvashi (reference article),,English,Reference Articles,7,Printed reference article (appears to be from Wikipedia); confirm source
Ushas.pdf,Ushas (reference article),,English,Reference Articles,6,Printed reference article (appears to be from Wikipedia); confirm source
Vaishnavism.pdf,Vaishnavism (reference article),,English,Reference Articles,25,Printed reference article (appears to be from Wikipedia); confirm source
Vaiśeṣika_Sūtra.pdf,Vaiśeṣika Sūtra (reference article),,English,Reference Articles,7,Printed reference article (appears to be from Wikipedia); confirm source
Varuna.pdf,Varuna (reference article),,English,Reference Articles,19,Printed reference article (appears to be from Wikipedia); confirm source
Vasu.pdf,Vasu (reference article),,English,Reference Articles,3,Printed reference article (appears to be from Wikipedia); confirm source
Vasukra.pdf,Vasukra (reference article),,English,Reference Articles,1,Printed reference article (appears to be from Wikipedia); confirm source
Vayu.pdf,Vayu (reference article),,English,Reference Articles,6,Printed reference article (appears to be from Wikipedia); confirm source
Vayu_Stuti.pdf,Vayu Stuti (reference article),,English,Reference Articles,1,Printed reference article (appears to be from Wikipedia); confirm source
Vāc.pdf,Vāc (reference article),,English,Reference Articles,2,Printed reference article (appears to be from Wikipedia); confirm source
Vāstoṣpati.pdf,Vāstoṣpati (reference article),,English,Reference Articles,1,Printed reference article (appears to be from Wikipedia); confirm source
Vedanga.pdf,Vedanga (reference article),,English,Reference Articles,4,Printed reference article (appears to be from Wikipedia); confirm source
Vedic_chant.pdf,Vedic chant (reference article),,English,Reference Articles,8,Printed reference article (appears to be from Wikipedia); confirm source
Vedic_metre.pdf,Vedic metre (reference article),,English,Reference Articles,6,Printed reference article (appears to be from Wikipedia); confirm source
Vena_(Hindu_king).pdf,Vena (Hindu king) (reference article),,English,Reference Articles,4,Printed reference article (appears to be from Wikipedia); confirm source
Vishnu.pdf,Vishnu (reference article),,English,Reference Articles,35,Printed reference article (appears to be from Wikipedia); confirm source
Vishvakarma.pdf,Vishvakarma (reference article),,English,Reference Articles,6,Printed reference article (appears to be from Wikipedia); confirm source
Vyākaraṇa.pdf,Vyākaraṇa (reference article),,English,Reference Articles,10,Printed reference article (appears to be from Wikipedia); confirm source
Yajurveda.pdf,Yajur Veda (reference article),,English,Reference Articles,14,Printed reference article (appears to be from Wikipedia); confirm source
Yama.pdf,Yama (reference article),,English,Reference Articles,14,Printed reference article (appears to be from Wikipedia); confirm source
Yoga_Sutras_of_Patanjali.pdf,Yoga Sutras of Patanjali (reference article),,English,Reference Articles,25,Printed reference article (appears to be from Wikipedia); confirm source
Yoga_Vasishtha.pdf,Yoga Vasishtha (reference article),,English,Reference Articles,12,Printed reference article (appears to be from Wikipedia); confirm source
adbhut-ramayan-hindi.pdf,Adbhuta Ramayana (Hindi),attributed to Valmiki,Hindi,Itihasa,120,
agni-puran.pdf,Agni Purana (Hindi),,Hindi,Puranas,842,
anandramayan.pdf,Ananda Ramayana (Hindi),,Hindi,Itihasa,811,
arthved-part-1.pdf,"Atharva Veda, Part 1 (Hindi)",,Hindi,Vedas,470,
arthved.pdf,"Atharva Veda, complete (Hindi)",,Hindi,Vedas,1587,
aryabhata_with_english_commentary.pdf,"The Aryabhatiya of Aryabhata, with English commentary",Aryabhata,English,Ayurveda and Sciences,294,"Probably the W. E. Clark translation (Chicago, 1930)"
atharva-2.pdf,"Atharva Veda, Part 2 (Hindi)",,Hindi,Vedas,399,
atharva-ved.pdf,"Atharva Veda (Hindi, 960 pages)",,Hindi,Vedas,960,Second Hindi edition; compare with arthved.pdf
atharvaveda.pdf,Atharva Veda (648 pages),,,Vedas,648,Edition and language not stated in file name
bajrang-baan.pdf,Bajrang Baan,Goswami Tulsidas,Hindi,Stotras and Mantras,4,
bavishya-puran.pdf,Bhavishya Purana (Hindi),,Hindi,Puranas,448,
bhagavad_gita_bharathiar.pdf,"Bhagavad Gita, Tamil translation",Subramania Bharati,Tamil,Bhagavad Gita,63,The only Tamil book in the library; check its OCR
bhagwat-puran.pdf,Shrimad Bhagavata Purana (Hindi),Veda Vyasa,Hindi,Puranas,977,
bhrigu-samhita-hindi1.pdf,Bhrigu Samhita (Hindi),attributed to Bhrigu,Hindi,Jyotisha,638,
brahamand.pdf,"Brahmanda Purana, Part 1 (Hindi)",,Hindi,Puranas,416,brahamand / brahamandp look like two parts of one edition
brahamandp.pdf,"Brahmanda Purana, Part 2 (Hindi)",,Hindi,Puranas,477,
bramha.pdf,Brahma Purana (Hindi),,Hindi,Puranas,423,
bramsutr.pdf,Brahma Sutras with Hindi commentary,Badarayana,Hindi,Darshana,248,
chanakya-niti-darpan-vedpuran.pdf,Chanakya Niti Darpan (Hindi),Chanakya,Hindi,Dharmashastra and Niti,102,
chanakyasutrani-skt-text-with-hindi-commentary-1946.pdf,"Chanakya Sutrani, Sanskrit text with Hindi commentary (1946)",Chanakya,Sanskrit + Hindi,Dharmashastra and Niti,691,
chatanya-mahaprabhu-ki-siksa-hindi-4th-ed.pdf,"Chaitanya Mahaprabhu ki Shiksha (Hindi, 4th edition)",,Hindi,Bhakti,169,Author not in file name; likely Bhaktivinoda Thakur's Shri Chaitanya Shikshamrita in Hindi
devi-bhagavata-purana_press.pdf,Shrimad Devi Bhagavata Purana (Hindi),,Hindi,Puranas,826,Probably the Gita Press edition
durga-chalisa.pdf,Durga Chalisa,,Hindi,Stotras and Mantras,2,
durga-saptashati-hindi.pdf,Durga Saptashati (Devi Mahatmya) with Hindi,,Sanskrit + Hindi,Stotras and Mantras,159,
full-punjabi-geeta.pdf,Shrimad Bhagavad Gita (Punjabi),,Punjabi,Bhagavad Gita,563,Gurmukhi script; make sure its OCR used the Punjabi model
ganesh-chalisa.pdf,Ganesh Chalisa,,Hindi,Stotras and Mantras,2,
garuda1.pdf,Garuda Purana (Hindi),,Hindi,Puranas,528,
gayatri-chalisa.pdf,Gayatri Chalisa,,Hindi,Stotras and Mantras,3,
gayatri-worship.pdf,Gayatri Worship,,,Stotras and Mantras,123,Author not in file name
geeta-marathi-gnyaneshwari.pdf,Jnaneshwari: the Bhagavad Gita in Marathi,Sant Jnaneshwar,Marathi,Bhagavad Gita,221,
hanuman-chalisa-mobile-friendly.pdf,Hanuman Chalisa (large print),Goswami Tulsidas,Hindi,Stotras and Mantras,8,
hanuman-chalisa.pdf,Hanuman Chalisa,Goswami Tulsidas,Hindi,Stotras and Mantras,2,
harinama-mahamantra-10th-ed-hindi1.pdf,"Harinama Mahamantra (Hindi, 10th edition)",,Hindi,Bhakti,75,Gaudiya Vaishnava; author not in file name
hinduism-an-introduction_3.pdf,Hinduism: An Introduction,,English,History and Reference,14,14-page introduction; author not in file name
introduction-to-vedanta-by-swami-dayananda.pdf,Introduction to Vedanta,Swami Dayananda Saraswati (Arsha Vidya),English,Modern Teachers,120,
kalkipuranhindi1.pdf,Kalki Purana (Hindi),,Hindi,Puranas,259,
kenoupnishad.pdf,Kena Upanishad (Hindi),,Sanskrit + Hindi,Upanishads,41,
kurma.pdf,Kurma Purana (Hindi),,Hindi,Puranas,398,
ling.pdf,Linga Purana (Hindi),,Hindi,Puranas,390,
mahabhart-full-with-geeta-hindi.pdf,"Mahabharata, complete, with the Gita (Hindi)",Veda Vyasa,Hindi,Itihasa,1665,
mahabhart-gorkhpur.pdf,Mahabharata (Gita Press edition),Veda Vyasa,Sanskrit + Hindi,Itihasa,7250,"7,250 pages; the Gita Press six-volume edition"
mahabharta_pdf_nepali-1.pdf,Mahabharata (Nepali),Veda Vyasa,Nepali,Itihasa,1239,
mantra-vigyan.pdf,Mantra Vigyan (Hindi),,Hindi,Tantra and Agama,81,
manusmiriti.pdf,Manusmriti with Hindi commentary (683 pages),Manu,Sanskrit + Hindi,Dharmashastra and Niti,683,
manusmriti.pdf,Manusmriti (83 pages),Manu,,Dharmashastra and Niti,83,Short edition; language not stated
markende-puran.pdf,Markandeya Purana (Hindi),,Hindi,Puranas,296,
matsya-puran-1.pdf,"Matsya Purana, Part 1 (Hindi)",,Hindi,Puranas,496,
matsya-puran-2.pdf,"Matsya Purana, Part 2 (Hindi)",,Hindi,Puranas,488,
moksha_gita.pdf,Moksha Gita,Swami Sivananda,English,Modern Teachers,108,
narayan-kwach.pdf,Narayana Kavacha,,Sanskrit + Hindi,Stotras and Mantras,32,"From the Bhagavata Purana, book 6"
nard-puran.pdf,Narada Purana (Hindi),,Hindi,Puranas,751,
narsihma-puran.pdf,Narasimha Purana (Hindi),,Hindi,Puranas,298,
navgraha-chalisa.pdf,Navagraha Chalisa,,Hindi,Stotras and Mantras,3,
nilamata_purana.pdf,Nilamata Purana,,,Puranas,216,The Purana of Kashmir; edition not stated
om_chant_effect_on_nervous_system.pdf,Effect of Om Chanting on the Nervous System (research paper),,English,Research Papers,5,
padam-puran.pdf,Padma Purana (Hindi),,Hindi,Puranas,1001,
panchatantrasanskrithindi-jpmishra1910.pdf,"Panchatantra, Sanskrit text with Hindi translation (1910)",Vishnu Sharma; ed. J. P. Mishra,Sanskrit + Hindi,Dharmashastra and Niti,536,
prasad.pdf,Prasad (66 pages),,,Other,66,CHECK: 66 pages; cannot tell what this is from the file name
raghav-yadviyam.pdf,Raghava Yadaviyam,Venkatadhvari,Sanskrit,Bhakti,8,The palindromic poem that reads as the Ramayana forwards and the Bhagavata backwards
ramayan_nepali.pdf,Ramayana (Nepali),Bhanubhakta Acharya (probably),Nepali,Itihasa,570,If this is Bhanubhakta's Ramayana the author is right; confirm
ramayana_all_kand_6191_pages.pdf,"Valmiki Ramayana, all seven kandas",Valmiki,Sanskrit + Hindi,Itihasa,6191,"6,191 pages; probably the Gita Press edition"
ravan-samhita-1.pdf,"Ravana Samhita, Part 1 (Hindi)",attributed to Ravana,Hindi,Jyotisha,64,
ravan-samhita-2.pdf,"Ravana Samhita, Part 2 (Hindi)",attributed to Ravana,Hindi,Jyotisha,124,
ravan-samhita-3.pdf,"Ravana Samhita, Part 3 (Hindi)",attributed to Ravana,Hindi,Jyotisha,245,
ravan-samhita-4.pdf,"Ravana Samhita, Part 4 (Hindi)",attributed to Ravana,Hindi,Jyotisha,115,
ravan-samhita-5.pdf,"Ravana Samhita, Part 5 (Hindi)",attributed to Ravana,Hindi,Jyotisha,48,
rigved (1).pdf,"Rig Veda, complete with Hindi commentary (5,365 pages)",,Sanskrit + Hindi,Vedas,5365,The largest Rig Veda edition in the library
rigved-full-hd.pdf,"Rig Veda (high-resolution scan, 1,853 pages)",,,Vedas,1853,Edition not stated in file name
rigved.pdf,Rig Veda (739 pages),,,Vedas,739,Edition not stated in file name
rigveda-gujarati-mandal1.pdf,"Rig Veda, Mandala 1 (Gujarati)",,Gujarati,Vedas,802,
rigveda_english.pdf,Rig Veda in English,,English,Vedas,749,Translator not stated; probably Ralph T. H. Griffith
rigveda_sanskrit_only.pdf,"Rig Veda Samhita, Sanskrit text only",,Sanskrit,Vedas,654,
sadhak-sanjivani-hindi-sanskrit-by-swami-ramsukhdas-ji-sanskrit-hindi.pdf,Shrimad Bhagavad Gita: Sadhak Sanjivani (copy 1),Swami Ramsukhdas,Sanskrit + Hindi,Bhagavad Gita,385,"Gita Press; three copies of this book in the library, keep one"
sadhak_sanjivini.pdf,Shrimad Bhagavad Gita: Sadhak Sanjivani (copy 2),Swami Ramsukhdas,Sanskrit + Hindi,Bhagavad Gita,384,Duplicate
sadhaksanjivani.pdf,Shrimad Bhagavad Gita: Sadhak Sanjivani (copy 3),Swami Ramsukhdas,Sanskrit + Hindi,Bhagavad Gita,385,Duplicate
sakand-puran.pdf,Skanda Purana (Hindi),,Hindi,Puranas,1108,
samved-gujarati.pdf,Sama Veda (Gujarati),,Gujarati,Vedas,663,
samved.pdf,Sama Veda (Hindi),,Hindi,Vedas,328,
sanatana-hharma-an-elementary-text-book-of-hindu-religion-and-ethics.pdf,Sanatana Dharma: An Elementary Text Book of Hindu Religion and Ethics,"Central Hindu College, Benares",English,History and Reference,322,"Benares, 1903; prepared under Annie Besant"
sanatanadharmaad00benaiala.pdf,Sanatana Dharma: An Advanced Text Book of Hindu Religion and Ethics,"Central Hindu College, Benares",English,History and Reference,448,"Benares, 1904; Internet Archive scan"
santoshi-maa-chalisa.pdf,Santoshi Maa Chalisa,,Hindi,Stotras and Mantras,2,
sarala-maha-96.pdf,Sarala Mahabharata (Odia),Sarala Dasa,Odia,Itihasa,421,15th-century Odia Mahabharata; the OCR of this old print is weak
sarasvati-chalisa.pdf,Saraswati Chalisa,,Hindi,Stotras and Mantras,2,
satyarthaprakasa.pdf,Satyarth Prakash,Swami Dayananda Saraswati (Arya Samaj),,Modern Teachers,229,Language not stated in file name
sby-a-research-study.pdf,SBY: A Research Study (5 pages),,English,Research Papers,5,CHECK: cannot tell the subject from the file name
science-in-vedas.pdf,Science in the Vedas (4 pages),,English,Research Papers,4,
science_and_astronomy_ijtk-134-716-724.pdf,Science and Astronomy in ancient India (Indian Journal of Traditional Knowledge),,English,Research Papers,9,"Journal article, pages 716-724"
shiv-chalisa.pdf,Shiva Chalisa,,Hindi,Stotras and Mantras,2,
shiv-puran.pdf,Shiva Purana (Hindi),,Hindi,Puranas,812,
shiva-swarodaya-sanskrit-hindi.pdf,"Shiva Swarodaya, Sanskrit with Hindi",,Sanskrit + Hindi,Yoga,93,Swara yoga text
shree-ram-charit-manas.pdf,Shri Ramcharitmanas (980 pages),Goswami Tulsidas,Awadhi + Hindi,Bhakti,980,Probably the Gita Press edition with Hindi gloss
shri-yogavasishtha-1.pdf,"Yoga Vasishtha, Part 1 (Hindi)",attributed to Valmiki,Sanskrit + Hindi,Darshana,690,
shri-yogavasishtha-2.pdf,"Yoga Vasishtha, Part 2 (Hindi)",attributed to Valmiki,Sanskrit + Hindi,Darshana,552,
shri-yogavasishtha-3.pdf,"Yoga Vasishtha, Part 3 (Hindi)",attributed to Valmiki,Sanskrit + Hindi,Darshana,500,
shri-yogavasishtha-4.pdf,"Yoga Vasishtha, Part 4 (Hindi)",attributed to Valmiki,Sanskrit + Hindi,Darshana,866,
solar_eclipse_om.pdf,Om chanting during a solar eclipse (research paper),,English,Research Papers,9,
spectral_analysis_om.pdf,Spectral analysis of Om chanting (research paper),,English,Research Papers,8,
sri-gajendra-moksha.pdf,Shri Gajendra Moksha Stotra,,Sanskrit + Hindi,Stotras and Mantras,3,"From the Bhagavata Purana, book 8"
sri-krishna-chalisa.pdf,Shri Krishna Chalisa,,Hindi,Stotras and Mantras,2,
sri-laxmi-chalisa.pdf,Shri Lakshmi Chalisa,,Hindi,Stotras and Mantras,2,
sri-shani-dev-chalisa.pdf,Shri Shani Dev Chalisa,,Hindi,Stotras and Mantras,3,
srimad-bhagvad-gita.pdf,"Shrimad Bhagavad Gita (1,129 pages)",,Sanskrit + Hindi,Bhagavad Gita,1129,Large commentary edition; which one is not stated in the file name
srimaddevipurana.pdf,Shrimad Devi Purana (865 pages),,,Puranas,865,May be another Devi Bhagavata edition; compare with devi-bhagavata-purana_press.pdf
sunderkand_path.pdf,Sundara Kanda Path,Goswami Tulsidas,Awadhi,Bhakti,21,From the Ramcharitmanas
swar-vigyan.pdf,Swara Vigyan (5 pages),,Hindi,Yoga,5,
swasthya_jivan__no__7_1.pdf,"Swasthya Jivan, No. 7, Part 1 (magazine)",,Hindi,Ayurveda and Sciences,61,Health magazine issue
swasthya_jivan__no__7_2.pdf,"Swasthya Jivan, No. 7, Part 2 (magazine)",,Hindi,Ayurveda and Sciences,65,
the-vimanika-shastra.pdf,Vaimanika Shastra (86 pages),attributed to Maharshi Bharadwaja; Subbaraya Shastry,English,Ayurveda and Sciences,86,Three Vaimanika Shastra files in the library; compare them
the_vimanika_shastra.pdf,Vaimanika Shastra (107 pages),attributed to Maharshi Bharadwaja; Subbaraya Shastry,English,Ayurveda and Sciences,107,
time_frequency_analysis_om (1).pdf,"Time-frequency analysis of Om chanting (research paper, copy 2)",,English,Research Papers,6,Duplicate
time_frequency_analysis_om.pdf,Time-frequency analysis of Om chanting (research paper),,English,Research Papers,6,
unencrypted-geeta.pdf,Bhagavad Gita (256 pages),,,Bhagavad Gita,256,Edition and language not stated in file name
vachanamrut_001.pdf,Vachanamrut (Gujarati),Bhagwan Swaminarayan,Gujarati,Bhakti,760,Swaminarayan tradition
vaivtpuran.pdf,Brahma Vaivarta Purana (Hindi),,Hindi,Puranas,796,
vamanpuran.pdf,Vamana Purana (Hindi),,Hindi,Puranas,196,
varaha-puran.pdf,Varaha Purana (Hindi),,Hindi,Puranas,392,
vastu-for-house-ebook.pdf,Vastu for the House,,English,Ayurveda and Sciences,30,30-page e-book; author not in file name
vayu-puran.pdf,Vayu Purana (Hindi),,Hindi,Puranas,1160,
vidur-niti-vedpuran.pdf,Vidura Niti,,Sanskrit + Hindi,Dharmashastra and Niti,80,"From the Mahabharata, Udyoga Parva"
vigyan-bharav-tantra.pdf,Vijnana Bhairava Tantra (Hindi),,Sanskrit + Hindi,Tantra and Agama,521,
vimanika-shaster.pdf,Vaimanika Shastra (368 pages),attributed to Maharshi Bharadwaja; Subbaraya Shastry,,Ayurveda and Sciences,368,Probably the 1973 G. R. Josyer edition
vishnu-puran.pdf,"Vishnu Purana (Hindi, 535 pages)",,Hindi,Puranas,535,Two Hindi Vishnu Purana editions in the library
vishnu_puran.pdf,"Vishnu Purana (Hindi, 461 pages)",,Hindi,Puranas,461,
vishnupuran-english-vedpuran.pdf,Vishnu Purana in English,tr. H. H. Wilson (probably),English,Puranas,810,
vishva-karma-puran-and-pujan-paddhati-by-pd-rakesh-shastri.pdf,Vishvakarma Purana and Pujan Paddhati,Pt. Rakesh Shastri,Hindi,Puranas,212,
vivakchudamani.pdf,Vivekachudamani,Adi Shankaracharya,,Darshana,161,Language not stated in file name
vividh_chikitsa1.pdf,"Vividh Chikitsa, Part 1 (Hindi)",,Hindi,Ayurveda and Sciences,35,Ayurvedic treatments
vividh_chikitsa2.pdf,"Vividh Chikitsa, Part 2 (Hindi)",,Hindi,Ayurveda and Sciences,91,
vraja-mandala-parikrama-2ed-hindi.pdf,"Vraja Mandala Parikrama (Hindi, 2nd edition)",,Hindi,Bhakti,338,Gaudiya Vaishnava pilgrimage guide
yajurved-gujarati.pdf,Yajur Veda (Gujarati),,Gujarati,Vedas,761,
yajurved.pdf,"Yajur Veda (Hindi, 420 pages)",,Hindi,Vedas,420,
yoga-rasayanam-sanskrit-hindi.pdf,"Yoga Rasayanam, Sanskrit with Hindi",,Sanskrit + Hindi,Yoga,100,
yugerved.pdf,"Yajur Veda, complete with Hindi commentary (2,451 pages)",,Sanskrit + Hindi,Vedas,2451,
